iter	NDCG:top=5;type=Base_SumError	NDCG:top=5;type=Base_SumWeight	MAP:top=5_SumError	MAP:top=5_SumWeight
0	192.6367413	400	55.69416667	400
1	218.6992875	400	68.67888889	400
2	229.3117018	400	74.73555556	400
3	244.3767081	400	82.88611111	400
4	249.5416612	400	84.48722222	400
5	251.8241825	400	87.98944444	400
6	252.2710307	400	88.27444444	400
7	254.3898047	400	90.47777778	400
8	255.5773034	400	91.05611111	400
9	258.3322581	400	93.25277778	400
10	259.1588469	400	93.37111111	400
11	259.3626654	400	93.68888889	400
12	260.2598918	400	94.03388889	400
13	260.7309644	400	94.94055556	400
14	261.808905	400	95.74222222	400
15	261.9366847	400	96.38888889	400
16	262.6494809	400	97.32333333	400
17	263.3447958	400	98.26611111	400
18	263.9745777	400	98.07222222	400
19	264.2582208	400	98.62777778	400
20	264.7620136	400	98.57055556	400
21	265.056515	400	99.32222222	400
22	265.3743127	400	100.3688889	400
23	265.8178186	400	100.3622222	400
24	265.6092548	400	100.6088889	400
25	266.1075983	400	100.9355556	400
26	266.4695447	400	101.1566667	400
27	266.0629263	400	101.4183333	400
28	266.1056626	400	101.4616667	400
29	266.0132517	400	102.3722222	400
30	265.840498	400	101.48	400
31	265.9501268	400	102.4366667	400
32	265.7660778	400	102.0008333	400
33	265.9060839	400	102.0008333	400
34	265.8753745	400	101.7258333	400
35	266.2484237	400	102.0608333	400
36	266.6872263	400	102.1283333	400
37	266.9749235	400	102.0013889	400
38	267.0148075	400	102.5525	400
39	266.9342129	400	102.0916667	400
40	266.7518654	400	102.2436111	400
41	267.0089795	400	102.7969444	400
42	266.7779419	400	102.7441667	400
43	266.9071508	400	102.9163889	400
44	267.121999	400	102.7497222	400
45	267.5672656	400	102.8863889	400
46	266.9932587	400	102.6297222	400
47	267.2705074	400	102.9347222	400
48	267.324256	400	103.0113889	400
49	267.3380491	400	103.1447222	400
50	267.4434138	400	103.1247222	400
51	267.5281291	400	103.4930556	400
52	267.759588	400	103.0863889	400
53	268.2417298	400	103.3430556	400
54	268.1861981	400	103.4730556	400
55	268.0477556	400	103.6530556	400
56	267.5800032	400	103.1630556	400
57	267.8281088	400	103.2263889	400
58	267.7647679	400	103.1430556	400
59	267.9491366	400	103.1430556	400
60	268.244022	400	103.3530556	400
61	267.9378793	400	103.3097222	400
62	268.193813	400	103.6708333	400
63	268.0525908	400	103.7375	400
64	268.2100891	400	103.7708333	400
65	268.1045425	400	103.5497222	400
66	268.4009675	400	104.0708333	400
67	268.3217522	400	103.7858333	400
68	268.1360873	400	103.7591667	400
69	267.9510311	400	104.0108333	400
70	268.1976493	400	104.0058333	400
71	268.3159496	400	104.1308333	400
72	268.6613727	400	104.1325	400
73	268.9839694	400	104.1897222	400
74	268.8312499	400	104.2258333	400
75	268.4143704	400	104.2547222	400
76	268.496289	400	104.2713889	400
77	268.2663946	400	104.3391667	400
78	268.904871	400	104.3358333	400
79	268.8039834	400	104.3558333	400
80	268.8563161	400	104.6891667	400
81	268.4963084	400	104.3191667	400
82	268.6531669	400	104.5558333	400
83	268.6666223	400	104.0225	400
84	268.7214762	400	104.6158333	400
85	268.9384483	400	105.0591667	400
86	268.7810134	400	104.8625	400
87	268.7700589	400	104.8925	400
88	268.9010266	400	105.0591667	400
89	268.9470011	400	105.1525	400
90	268.8688005	400	105.3725	400
91	269.0592433	400	105.1625	400
92	269.0659503	400	104.9591667	400
93	268.7668493	400	105.2458333	400
94	268.7925763	400	105.2358333	400
95	268.6774337	400	104.1791667	400
96	268.8308077	400	104.2225	400
97	268.9243165	400	104.3425	400
98	268.8299139	400	104.2025	400
99	269.0402987	400	104.8425	400
100	268.8911098	400	104.5758333	400
101	269.0221628	400	104.6558333	400
102	268.7778731	400	104.5591667	400
103	268.9431989	400	104.5491667	400
104	268.8390131	400	104.5158333	400
105	268.9581395	400	104.6991667	400
106	268.8935879	400	104.7236111	400
107	269.2368702	400	104.8136111	400
108	269.0277166	400	104.7302778	400
109	268.951624	400	104.2636111	400
110	269.1335589	400	104.1836111	400
111	269.490012	400	104.7836111	400
112	269.4443957	400	105.0058333	400
113	269.4060311	400	104.9952778	400
114	269.3310939	400	105.0041667	400
115	269.3645139	400	104.7808333	400
116	269.343181	400	104.7975	400
117	269.776925	400	105.3041667	400
118	269.5458016	400	105.6025	400
119	269.943693	400	105.6025	400
120	270.2150151	400	105.2991667	400
121	270.0665302	400	105.0036111	400
122	269.9115266	400	104.8669444	400
123	270.0393992	400	105.0836111	400
124	269.8266464	400	104.7002778	400
125	269.6045961	400	104.8594444	400
126	269.5274618	400	104.7744444	400
127	269.6203756	400	104.9577778	400
128	269.7355764	400	104.7894444	400
129	270.011223	400	104.8777778	400
130	269.9833034	400	104.9811111	400
131	270.1942541	400	104.8244444	400
132	270.1222063	400	104.6677778	400
133	269.9235229	400	104.7011111	400
134	269.8883677	400	104.6111111	400
135	269.8931758	400	104.7	400
136	269.9961975	400	104.73	400
137	269.6216319	400	104.75	400
138	269.6271869	400	104.8533333	400
139	269.7718528	400	104.54	400
140	269.5860739	400	104.06	400
141	269.1948919	400	103.7	400
142	269.3355777	400	104.1583333	400
143	269.7363092	400	104.1555556	400
144	269.9270886	400	104.3138889	400
145	270.2394055	400	104.4780556	400
146	270.2624279	400	104.7825	400
147	269.808598	400	104.6991667	400
148	269.9279999	400	104.8780556	400
149	269.545394	400	105.0480556	400
150	269.8544158	400	105.5025	400
151	269.8614192	400	105.7858333	400
152	269.8931376	400	105.8358333	400
153	269.9237907	400	105.9425	400
154	270.0854047	400	105.6758333	400
155	270.2209289	400	105.2713889	400
156	270.4364613	400	105.7913889	400
157	269.8393824	400	105.1569444	400
158	269.9804761	400	105.1569444	400
159	269.9944234	400	105.4080556	400
160	270.2361734	400	105.6580556	400
161	269.997923	400	105.1413889	400
162	269.9110528	400	105.2369444	400
163	269.6705283	400	104.9325	400
164	269.3731405	400	104.8925	400
165	269.5730953	400	105.1033333	400
166	269.9273177	400	105.3033333	400
167	270.0096381	400	105.0555556	400
168	269.8306442	400	104.9933333	400
169	269.796382	400	105.0266667	400
170	269.769756	400	105.01	400
171	269.8562348	400	105.08	400
172	269.8061753	400	105.03	400
173	269.8027261	400	104.98	400
174	269.7476959	400	104.98	400
175	269.6132907	400	105.31	400
176	269.8091846	400	105.38	400
177	269.9395023	400	105.04	400
178	270.0689679	400	105.1633333	400
179	270.1280124	400	105.43	400
180	270.3575104	400	105.6133333	400
181	270.4907865	400	105.7133333	400
182	270.5626949	400	106.0644444	400
183	270.6067788	400	106.5644444	400
184	270.5645365	400	106.4044444	400
185	270.7076059	400	106.9044444	400
186	270.5860336	400	106.3844444	400
187	270.2036663	400	106.0977778	400
188	270.0916069	400	106.1311111	400
189	270.131114	400	106.6227778	400
190	270.2107197	400	106.6227778	400
191	270.4583416	400	106.7366667	400
192	270.4983796	400	106.4216667	400
193	270.2344031	400	106.8883333	400
194	270.1802656	400	106.7216667	400
195	269.969903	400	106.5466667	400
196	269.8197443	400	106.4633333	400
197	269.7764071	400	106.5466667	400
198	269.9644525	400	106.5	400
199	269.9390441	400	106.4166667	400
200	270.0725203	400	106.4466667	400
201	270.2697073	400	106.43	400
202	270.3875014	400	106.63	400
203	270.6882277	400	106.7166667	400
204	270.6344753	400	106.6888889	400
205	270.5592864	400	106.5097222	400
206	270.5651037	400	106.5141667	400
207	270.5818342	400	106.4141667	400
208	270.703516	400	107.0708333	400
209	270.6119671	400	106.9808333	400
210	270.6375086	400	106.9758333	400
211	270.5295717	400	106.9758333	400
212	270.4876445	400	106.7758333	400
213	270.5687372	400	106.8425	400
214	270.5608112	400	106.9113889	400
215	270.6557568	400	106.7913889	400
216	270.686067	400	107.0413889	400
217	270.711303	400	107.1636111	400
218	270.4384939	400	107.0402778	400
219	270.6563455	400	107.2836111	400
220	270.3753681	400	107.4577778	400
221	270.2523031	400	106.9477778	400
222	270.2337474	400	106.8144444	400
223	270.085674	400	106.7744444	400
224	270.1001145	400	107.1844444	400
225	269.6257572	400	106.4044444	400
226	269.7118665	400	106.6277778	400
227	269.8620718	400	106.8277778	400
228	269.7517458	400	106.5244444	400
229	269.5883443	400	106.5044444	400
230	269.587487	400	106.3766667	400
231	269.4357534	400	106.3766667	400
232	269.5026646	400	106.3766667	400
233	269.5948837	400	106.3766667	400
234	269.858145	400	106.5211111	400
235	269.8066801	400	106.5244444	400
236	270.424328	400	106.53	400
237	270.2311688	400	106.3133333	400
238	269.8474234	400	106.3133333	400
239	270.1805877	400	106.1305556	400
240	270.1363188	400	106.3616667	400
241	270.3565577	400	106.6033333	400
242	270.2977095	400	106.6033333	400
243	270.0749846	400	106.2683333	400
244	270.0519533	400	106.1683333	400
245	270.0980305	400	106.2605556	400
246	270.3069229	400	106.2105556	400
247	270.5879987	400	106.4505556	400
248	270.7403059	400	106.4505556	400
249	270.8357129	400	106.6408333	400
250	270.578297	400	106.3583333	400
251	270.4748226	400	106.2933333	400
252	270.7904765	400	106.8133333	400
253	270.8395874	400	106.8688889	400
254	270.7231965	400	106.7438889	400
255	270.8000264	400	106.8688889	400
256	270.5463031	400	106.8688889	400
257	270.6755531	400	106.9688889	400
258	270.5152356	400	106.7388889	400
259	269.9104758	400	106.5938889	400
260	269.7447301	400	106.4272222	400
261	269.8161272	400	106.5472222	400
262	270.0203992	400	107.0472222	400
263	270.0147253	400	106.9522222	400
264	270.1394231	400	106.9522222	400
265	270.1825571	400	107.0188889	400
266	270.2152108	400	107.1822222	400
267	270.1513653	400	107.3038889	400
268	270.1697865	400	107.4538889	400
269	270.2273039	400	107.4955556	400
270	270.0420018	400	107.3355556	400
271	270.0738181	400	107.2855556	400
272	270.2794999	400	107.0480556	400
273	270.2035251	400	107.0313889	400
274	270.2632852	400	107.0113889	400
275	270.404176	400	106.9547222	400
276	270.4997786	400	107.2747222	400
277	270.5963614	400	107.3747222	400
278	270.5099602	400	106.8447222	400
279	270.6200021	400	107.0947222	400
280	270.5969391	400	107.4313889	400
281	270.3606049	400	107.3063889	400
282	270.4449355	400	106.8197222	400
283	270.3577575	400	106.9697222	400
284	270.4892112	400	106.7697222	400
285	270.4070898	400	106.7697222	400
286	270.4358262	400	107.2897222	400
287	270.4372178	400	107.2697222	400
288	270.4756401	400	107.4997222	400
289	270.6015507	400	107.6297222	400
290	270.7229886	400	107.2497222	400
291	270.6721476	400	107.0897222	400
292	270.4909642	400	107.1497222	400
293	270.3299073	400	106.9030556	400
294	270.6354174	400	106.9586111	400
295	270.6368306	400	106.9886111	400
296	270.5110801	400	106.9886111	400
297	270.5539152	400	106.9886111	400
298	270.6536045	400	106.9552778	400
299	270.8182303	400	106.9097222	400
300	270.8838328	400	106.9097222	400
301	271.0417085	400	107.0052778	400
302	270.8524328	400	106.8975	400
303	270.8028876	400	106.8975	400
304	270.7773242	400	106.9025	400
305	270.7941284	400	107.0191667	400
306	270.7872201	400	107.0191667	400
307	270.859973	400	106.9791667	400
308	270.8754901	400	107.1158333	400
309	271.0145013	400	107.1358333	400
310	271.1415272	400	107.3058333	400
311	270.9494815	400	107.3836111	400
312	270.9203734	400	107.1391667	400
313	270.9610107	400	107.3008333	400
314	270.7726991	400	107.0675	400
315	270.9974183	400	107.5619444	400
316	270.8959353	400	107.4036111	400
317	271.1992191	400	107.2752778	400
318	271.2647539	400	107.5286111	400
319	270.9230775	400	106.9619444	400
320	270.9430347	400	106.9619444	400
321	270.8719168	400	106.8119444	400
322	270.8685556	400	106.8619444	400
323	270.8624205	400	106.8286111	400
324	270.8610483	400	106.8730556	400
325	270.7611004	400	106.4830556	400
326	270.6940032	400	106.7297222	400
327	270.9067641	400	106.6597222	400
328	270.8256959	400	106.8563889	400
329	270.7215282	400	106.3563889	400
330	270.6795867	400	106.8563889	400
331	270.8083937	400	106.4830556	400
332	270.6366173	400	106.1719444	400
333	270.6238557	400	106.2052778	400
334	270.6109929	400	106.2052778	400
335	270.5854702	400	106.3486111	400
336	270.6944671	400	106.3186111	400
337	270.6843155	400	106.3186111	400
338	270.6603647	400	106.3130556	400
339	271.0061592	400	106.4130556	400
340	270.8474973	400	106.4130556	400
341	270.9034458	400	106.2597222	400
342	270.9554028	400	106.4397222	400
343	271.0377408	400	106.3563889	400
344	270.6996885	400	106.3563889	400
345	270.8738669	400	106.4075	400
346	270.8771884	400	107.0925	400
347	270.8155172	400	107.225	400
348	270.9433467	400	107.2583333	400
349	271.1522672	400	107.4291667	400
350	271.2335294	400	107.2916667	400
351	271.4882961	400	107.3680556	400
352	271.5090136	400	107.3180556	400
353	271.5162271	400	107.3347222	400
354	271.6262704	400	107.1580556	400
355	271.5729883	400	107.2247222	400
356	271.525848	400	107.2247222	400
357	271.4300134	400	107.1147222	400
358	271.2829399	400	107.0147222	400
359	271.4628413	400	107.3747222	400
360	271.4805399	400	107.6913889	400
361	271.9350071	400	107.6663889	400
362	272.0488523	400	108.3388889	400
363	272.0032777	400	108.4666667	400
364	271.8361595	400	108.1455556	400
365	271.568624	400	108.3816667	400
366	271.7508867	400	108.0691667	400
367	272.0588652	400	108.2491667	400
368	271.9773058	400	107.9041667	400
369	271.7527023	400	107.7830556	400
370	271.8984472	400	108.3297222	400
371	272.1063368	400	108.3297222	400
372	272.0298276	400	108.3297222	400
373	271.9472087	400	108.3297222	400
374	272.1341182	400	108.8536111	400
375	272.0890887	400	108.7908333	400
376	272.1703732	400	108.9508333	400
377	272.2771612	400	108.9175	400
378	272.1535961	400	108.7647222	400
379	272.0150422	400	108.4930556	400
380	272.0690747	400	108.7291667	400
381	272.2427135	400	108.9791667	400
382	272.2995363	400	108.725	400
383	272.0342579	400	108.6833333	400
384	272.5199711	400	108.8938889	400
385	272.2239567	400	108.6855556	400
386	272.3003283	400	108.7905556	400
387	272.1275277	400	108.8738889	400
388	272.1704847	400	108.8183333	400
389	272.0777062	400	108.785	400
390	272.2730491	400	108.8177778	400
391	272.4038104	400	108.8044444	400
392	272.1432619	400	108.7377778	400
393	272.2294945	400	108.7377778	400
394	272.1673975	400	108.7377778	400
395	272.3625024	400	108.6461111	400
396	272.2435839	400	108.0161111	400
397	272.2520967	400	108.0716667	400
398	272.2867296	400	108.3383333	400
399	272.4901493	400	108.805	400
400	272.3910043	400	108.955	400
401	272.4121669	400	108.955	400
402	272.3759574	400	108.935	400
403	272.362352	400	108.9483333	400
404	272.2263919	400	108.9061111	400
405	272.1594425	400	108.75	400
406	272.342525	400	108.875	400
407	272.3184161	400	108.8472222	400
408	272.4322563	400	108.9027778	400
409	272.2481479	400	109.325	400
410	272.2481479	400	109.325	400
411	272.3090102	400	109.2694444	400
412	272.5582399	400	109.1861111	400
413	272.3375374	400	109.125	400
414	272.2404888	400	108.7638889	400
415	272.0818178	400	108.4616667	400
416	272.0632642	400	108.545	400
417	271.7228954	400	108.395	400
418	271.7335859	400	108.625	400
419	271.9663439	400	108.875	400
420	272.0322011	400	108.9583333	400
421	272.1524424	400	108.9083333	400
422	272.0851601	400	108.9083333	400
423	272.1353357	400	108.9283333	400
424	272.0142155	400	108.9283333	400
425	272.0525159	400	108.9033333	400
426	272.0919303	400	109.0311111	400
427	272.1737211	400	108.92	400
428	272.1737211	400	108.92	400
429	272.41555	400	108.8533333	400
430	272.4267474	400	108.8533333	400
431	272.4244006	400	108.8533333	400
432	272.180053	400	108.6766667	400
433	272.1053178	400	108.5566667	400
434	272.1245053	400	108.5566667	400
435	272.0992547	400	108.5066667	400
436	272.3448154	400	108.7533333	400
437	272.788946	400	108.5533333	400
438	272.6264106	400	108.3533333	400
439	272.7027798	400	108.3866667	400
440	272.7634481	400	108.52	400
441	272.7111385	400	108.44	400
442	272.6960388	400	108.3444444	400
443	272.631323	400	108.4177778	400
444	272.6311968	400	108.5955556	400
445	272.4540835	400	108.34	400
446	272.4356712	400	108.5633333	400
447	272.3440147	400	108.6883333	400
448	272.1348065	400	108.4883333	400
449	272.1089905	400	108.6883333	400
450	272.2741699	400	108.7466667	400
451	272.1624937	400	108.5616667	400
452	272.2403291	400	108.7008333	400
453	272.3647855	400	108.7563889	400
454	272.3276129	400	108.5730556	400
455	272.1787555	400	108.3930556	400
456	272.1731712	400	108.4538889	400
457	272.3259667	400	108.7083333	400
458	272.4359104	400	108.6683333	400
459	272.438863	400	108.6683333	400
460	272.2591239	400	108.6683333	400
461	272.3185477	400	108.6683333	400
462	272.2021174	400	108.6683333	400
463	272.2677199	400	108.8183333	400
464	272.5853482	400	109.0616667	400
465	272.5687842	400	109.2616667	400
466	272.5267258	400	109.345	400
467	272.3787392	400	109.345	400
468	272.454769	400	109.0027778	400
469	272.4624552	400	109.4344444	400
470	272.4063685	400	109.3644444	400
471	272.7408598	400	109.5355556	400
472	272.664201	400	109.5488889	400
473	272.4676464	400	108.7655556	400
474	272.4157157	400	108.7655556	400
475	272.7983954	400	109.1655556	400
476	272.666974	400	109.0405556	400
477	272.5825343	400	108.9661111	400
478	272.3994284	400	108.9161111	400
479	272.573482	400	109.3161111	400
480	272.5820073	400	109.3161111	400
481	272.5126002	400	109.1994444	400
482	272.5851129	400	109.1994444	400
483	272.5949611	400	109.5394444	400
484	272.586832	400	109.5394444	400
485	272.5371074	400	109.6227778	400
486	272.5777783	400	109.8327778	400
487	272.5413453	400	109.8327778	400
488	272.4232384	400	109.605	400
489	272.2858939	400	109.575	400
490	272.3069766	400	109.575	400
491	272.2993014	400	109.4861111	400
492	272.2989268	400	109.4861111	400
493	272.5609766	400	109.4794444	400
494	272.2459408	400	109.4794444	400
495	272.2452495	400	109.5816667	400
496	272.4404584	400	109.4483333	400
497	272.4652003	400	109.4183333	400
498	272.4583179	400	109.6883333	400
499	272.4219651	400	109.6883333	400
500	272.6890821	400	109.655	400
501	272.5901263	400	109.63	400
502	272.5791533	400	109.63	400
503	272.8061712	400	109.63	400
504	272.5050911	400	109.4383333	400
505	272.9957292	400	109.3783333	400
506	272.7395224	400	109.3783333	400
507	272.4423125	400	109.3783333	400
508	272.3582133	400	109.1333333	400
509	272.2289928	400	108.8933333	400
510	272.4611722	400	109.0233333	400
511	272.4852216	400	108.9733333	400
512	272.7522166	400	109.3433333	400
513	272.7320038	400	109.2533333	400
514	272.72935	400	109.1533333	400
515	272.5921569	400	109.0533333	400
516	272.7177903	400	108.8777778	400
517	272.7540993	400	108.9961111	400
518	272.6106841	400	108.7594444	400
519	272.4113293	400	108.7177778	400
520	272.3151261	400	108.5177778	400
521	272.3404095	400	108.6377778	400
522	272.3710364	400	108.7455556	400
523	272.4316845	400	108.7155556	400
524	272.2194782	400	108.4711111	400
525	272.2151577	400	108.5794444	400
526	272.4122274	400	108.6727778	400
527	272.6304251	400	108.845	400
528	272.6980633	400	109.0327778	400
529	272.57427	400	109.1127778	400
530	272.5359342	400	109.0627778	400
531	272.3265754	400	108.7016667	400
532	272.3789732	400	108.9016667	400
533	272.4774721	400	108.9016667	400
534	272.6835243	400	108.8216667	400
535	272.6940598	400	108.705	400
536	272.8039397	400	108.705	400
537	272.9500688	400	108.7866667	400
538	272.9492684	400	108.7616667	400
539	273.1232064	400	109.0866667	400
540	273.0166372	400	108.9866667	400
541	272.7814953	400	108.9533333	400
542	272.9165781	400	108.9533333	400
543	273.0586796	400	109.3133333	400
544	273.076919	400	109.3133333	400
545	272.9321043	400	109.41	400
546	272.8415259	400	109.41	400
547	272.5044263	400	109.41	400
548	272.4572669	400	109.4727778	400
549	272.3989501	400	109.5227778	400
550	272.5073177	400	109.495	400
551	272.6086647	400	109.1894444	400
552	273.0764495	400	109.2311111	400
553	273.0472284	400	109.2811111	400
554	273.171152	400	109.2311111	400
555	273.0105253	400	109.2311111	400
556	272.9366007	400	109.1811111	400
557	272.9382654	400	109.27	400
558	272.7578151	400	109.0433333	400
559	272.8849483	400	109.0433333	400
560	272.8709834	400	108.7588889	400
561	272.9699794	400	108.5988889	400
562	273.1215626	400	108.5272222	400
563	273.3563273	400	108.5272222	400
564	273.2837915	400	108.4938889	400
565	273.1778449	400	108.2488889	400
566	273.2931433	400	108.5238889	400
567	273.1598069	400	108.5238889	400
568	272.9941308	400	108.4405556	400
569	273.0278145	400	108.4405556	400
570	273.0068276	400	108.4405556	400
571	272.8424451	400	108.4405556	400
572	272.8738659	400	108.4683333	400
573	272.9782272	400	108.4683333	400
574	272.9641254	400	108.3733333	400
575	273.0476913	400	108.6038889	400
576	273.0896297	400	109.0288889	400
577	273.2562485	400	109.0288889	400
578	273.3696639	400	108.8372222	400
579	273.5492047	400	108.8788889	400
580	273.5264589	400	108.9338889	400
581	273.6044369	400	109.0066667	400
582	273.5668084	400	108.9266667	400
583	273.5806608	400	108.8433333	400
584	273.566549	400	108.8766667	400
585	273.2500741	400	108.9183333	400
586	273.097911	400	108.8783333	400
587	273.1544395	400	108.8783333	400
588	273.1741258	400	108.8366667	400
589	273.1497239	400	108.8366667	400
590	273.0980343	400	108.8877778	400
591	272.883203	400	108.6477778	400
592	272.8866258	400	108.8894444	400
593	272.8476881	400	108.8894444	400
594	272.7233211	400	108.8894444	400
595	272.7172706	400	108.8061111	400
596	272.7762071	400	108.9727778	400
597	272.8917152	400	108.8794444	400
598	272.5372389	400	108.7461111	400
599	272.3722234	400	108.7294444	400
600	272.5667566	400	108.8127778	400
601	272.7386992	400	109.1461111	400
602	272.7069904	400	109.2127778	400
603	272.5725333	400	108.9627778	400
604	272.7481072	400	108.8961111	400
605	272.9475649	400	109.0461111	400
606	272.7937789	400	108.9294444	400
607	272.8744862	400	108.9294444	400
608	272.8190973	400	109.0127778	400
609	272.8544383	400	109.2627778	400
610	272.6703949	400	108.7294444	400
611	272.7948224	400	108.9294444	400
612	272.7002779	400	108.8294444	400
613	272.985886	400	108.7627778	400
614	272.9570408	400	108.8294444	400
615	272.7837983	400	108.8294444	400
616	272.7593902	400	108.8294444	400
617	272.7048024	400	108.8294444	400
618	272.6731799	400	108.8294444	400
619	272.5827114	400	108.8594444	400
620	272.6452983	400	108.8594444	400
621	272.5941829	400	109.0294444	400
622	272.5990224	400	109.1094444	400
623	272.6044814	400	109.1094444	400
624	272.6512337	400	109.1983333	400
625	272.835467	400	108.9983333	400
626	272.8877211	400	109.0933333	400
627	272.7926769	400	108.8166667	400
628	272.7781585	400	108.95	400
629	272.9917433	400	109.1666667	400
630	272.8963133	400	109.155	400
631	272.8636717	400	109.3816667	400
632	272.8247397	400	109.2616667	400
633	272.8186788	400	109.1394444	400
634	272.7388417	400	109.3727778	400
635	272.746554	400	109.5094444	400
636	272.9866557	400	109.3377778	400
637	273.0396431	400	109.3094444	400
638	273.1882024	400	109.2872222	400
639	273.1498075	400	109.2872222	400
640	273.3211781	400	109.3427778	400
641	273.5278951	400	109.2011111	400
642	273.3512968	400	108.8755556	400
643	273.4592902	400	109.1144444	400
644	273.2681676	400	108.9144444	400
645	273.3050475	400	108.5727778	400
646	273.1660965	400	108.2872222	400
647	273.2001046	400	108.4072222	400
648	273.2905869	400	108.4405556	400
649	273.2572174	400	108.4127778	400
650	273.3623704	400	108.5661111	400
651	273.3090511	400	108.8372222	400
652	273.2211754	400	108.8372222	400
653	273.3990392	400	108.8761111	400
654	273.4039938	400	109.0872222	400
655	273.2916231	400	108.8438889	400
656	273.1524957	400	108.9844444	400
657	273.061441	400	108.9288889	400
658	273.0489263	400	108.9844444	400
659	273.1408738	400	109.1511111	400
660	273.1517414	400	109.0538889	400
661	273.2166769	400	109.165	400
662	273.2973424	400	109.0633333	400
663	273.0942475	400	108.7822222	400
664	273.1931165	400	108.9155556	400
665	273.0190174	400	108.9988889	400
666	273.0473964	400	108.7322222	400
667	273.0939757	400	108.7272222	400
668	273.0824265	400	108.7272222	400
669	273.262885	400	108.8361111	400
670	273.4288869	400	109.0211111	400
671	273.4059441	400	108.7361111	400
672	273.2430036	400	108.725	400
673	273.3117295	400	108.8861111	400
674	273.4891339	400	108.8861111	400
675	273.4392665	400	109.0661111	400
676	273.4541791	400	109.0661111	400
677	273.4501671	400	109.0661111	400
678	273.427964	400	109.0994444	400
679	273.5677424	400	109.2661111	400
680	273.5569371	400	109.2661111	400
681	273.5001203	400	109.3416667	400
682	273.6702423	400	109.4083333	400
683	273.579529	400	109.4083333	400
684	273.6686328	400	109.4883333	400
685	273.7072757	400	109.4883333	400
686	273.5953404	400	109.2938889	400
687	273.4858596	400	109.2272222	400
688	273.4855678	400	109.2272222	400
689	273.368829	400	109.1716667	400
690	273.4126755	400	109.1161111	400
691	273.3548967	400	108.9161111	400
692	273.3836396	400	108.9161111	400
693	273.3643321	400	108.9661111	400
694	273.2807405	400	108.9661111	400
695	273.2985181	400	108.9661111	400
696	273.2707763	400	108.9661111	400
697	273.5091553	400	109.2911111	400
698	273.4796461	400	109.2911111	400
699	273.6115617	400	109.3577778	400
700	273.4553518	400	109.4133333	400
701	273.2896561	400	108.9411111	400
702	273.3975884	400	109.2411111	400
703	273.0999008	400	109.0344444	400
704	273.3043851	400	109.1777778	400
705	273.4097923	400	109.1777778	400
706	273.2222537	400	108.7033333	400
707	273.4204015	400	108.7733333	400
708	273.3249624	400	108.7733333	400
709	273.294194	400	108.7733333	400
710	273.4216283	400	108.7733333	400
711	273.6072259	400	108.8566667	400
712	273.4808749	400	109.0566667	400
713	273.5570627	400	109.1677778	400
714	273.2271197	400	108.9233333	400
715	273.1629906	400	109.1233333	400
716	273.2616495	400	108.69	400
717	273.1782389	400	108.69	400
718	273.1014299	400	108.59	400
719	272.930544	400	108.8455556	400
720	272.86416	400	108.7177778	400
721	272.7141345	400	108.6511111	400
722	272.7256995	400	108.5316667	400
723	272.7773742	400	108.465	400
724	272.7937492	400	108.465	400
725	273.0798561	400	108.465	400
726	272.9976202	400	108.265	400
727	273.0211107	400	108.3483333	400
728	273.0927919	400	108.465	400
729	273.1443582	400	108.295	400
730	273.1994338	400	108.495	400
731	273.4529593	400	109.2094444	400
732	273.446451	400	109.2094444	400
733	273.4780907	400	109.2594444	400
734	273.3840593	400	108.9594444	400
735	273.1691106	400	108.9594444	400
736	273.3240378	400	109.1294444	400
737	273.0706216	400	108.6294444	400
738	273.1306402	400	108.6494444	400
739	273.0394947	400	108.4516667	400
740	273.0460534	400	108.5211111	400
741	273.0579011	400	108.5211111	400
742	273.1555983	400	108.6211111	400
743	273.0872516	400	108.1844444	400
744	273.2669027	400	108.5644444	400
745	273.2533503	400	108.3922222	400
746	273.4034527	400	108.3644444	400
747	273.489421	400	108.4311111	400
748	273.3923728	400	108.3444444	400
749	273.5101518	400	108.5644444	400
750	273.5156747	400	108.8777778	400
751	273.5208618	400	108.8022222	400
752	273.6289266	400	109.0055556	400
753	273.5706798	400	109.0555556	400
754	273.6351816	400	109.0922222	400
755	273.642051	400	109.0922222	400
756	273.5976262	400	108.9222222	400
757	273.6433615	400	109.0722222	400
758	273.6128301	400	109.0922222	400
759	273.2805897	400	108.7322222	400
760	273.3370235	400	108.9155556	400
761	273.3389704	400	108.9711111	400
762	273.2301214	400	108.9311111	400
763	273.1894926	400	108.7922222	400
764	273.2274331	400	108.7922222	400
765	273.2683305	400	108.8477778	400
766	273.2595943	400	108.7922222	400
767	273.3323433	400	108.8422222	400
768	273.2783685	400	108.8422222	400
769	273.5239321	400	109.2177778	400
770	273.7656876	400	109.4177778	400
771	273.6615993	400	109.3344444	400
772	273.6730176	400	109.3777778	400
773	273.7096399	400	109.3777778	400
774	273.4235756	400	109.1861111	400
775	273.5540293	400	109.3027778	400
776	273.4959329	400	109.2694444	400
777	273.4427933	400	109.0444444	400
778	273.4808158	400	108.9644444	400
779	273.5203103	400	108.8477778	400
780	273.4049539	400	108.8977778	400
781	273.6341274	400	109.0977778	400
782	273.6823162	400	109.0977778	400
783	273.4816118	400	108.5144444	400
784	273.5306911	400	108.2644444	400
785	273.1877166	400	108.1622222	400
786	273.1176183	400	107.9622222	400
787	273.1855347	400	107.9444444	400
788	273.3263667	400	108.1444444	400
789	273.6062507	400	108.3633333	400
790	273.7656847	400	108.2888889	400
791	273.7656944	400	108.2888889	400
792	273.7502171	400	108.2288889	400
793	273.8185145	400	108.2588889	400
794	273.9248581	400	108.4311111	400
795	274.085575	400	108.4311111	400
796	274.0222388	400	108.5422222	400
797	273.8976524	400	108.5422222	400
798	273.7454672	400	108.3855556	400
799	274.0423378	400	108.5855556	400
800	273.9853617	400	108.4133333	400
801	273.9132878	400	108.3855556	400
802	273.9283784	400	108.4133333	400
803	273.8217684	400	108.5733333	400
804	273.9832802	400	108.79	400
805	273.8432601	400	108.8455556	400
806	273.8432601	400	108.8455556	400
807	273.7321589	400	108.5733333	400
808	273.6809335	400	108.6566667	400
809	273.6593663	400	108.515	400
810	273.8255292	400	108.665	400
811	273.7412937	400	108.6372222	400
812	273.6620899	400	108.665	400
813	273.7727286	400	108.4316667	400
814	273.5804143	400	108.6883333	400
815	273.6003253	400	108.4883333	400
816	273.779044	400	108.4883333	400
817	273.8779187	400	108.4705556	400
818	273.7093487	400	108.4705556	400
819	273.6582327	400	108.4955556	400
820	273.626435	400	108.3288889	400
821	273.8845867	400	108.3538889	400
822	273.8271217	400	108.8538889	400
823	274.2207781	400	108.9188889	400
824	274.0804739	400	108.9188889	400
825	274.0593139	400	108.8938889	400
826	274.049437	400	108.8938889	400
827	274.0344867	400	108.7438889	400
828	274.3062571	400	108.7105556	400
829	274.5480573	400	108.9605556	400
830	274.6335737	400	108.905	400
831	274.5395081	400	108.8216667	400
832	274.4556725	400	108.8216667	400
833	274.2896675	400	108.8216667	400
834	274.2770081	400	108.7966667	400
835	274.445298	400	108.7966667	400
836	274.3756676	400	108.7966667	400
837	274.2481513	400	108.63	400
838	274.2554301	400	108.5966667	400
839	274.3335799	400	108.6411111	400
840	274.3353572	400	108.6411111	400
841	274.3482046	400	108.8077778	400
842	274.3011235	400	108.6411111	400
843	274.1010847	400	107.9744444	400
844	274.207604	400	108.1411111	400
845	274.4399447	400	108.9244444	400
846	274.335805	400	108.7577778	400
847	274.4014075	400	108.7577778	400
848	274.3453169	400	108.7577778	400
849	274.289073	400	108.7577778	400
850	274.1834728	400	108.6577778	400
851	274.3684296	400	108.8244444	400
852	274.2081559	400	108.9244444	400
853	274.2320125	400	109.0077778	400
854	274.3995745	400	109.4611111	400
855	274.3382157	400	108.9277778	400
856	274.5155469	400	109.2611111	400
857	274.6105234	400	109.4544444	400
858	274.3836603	400	109.4677778	400
859	274.4820641	400	109.5877778	400
860	274.160243	400	109.5877778	400
861	274.2443427	400	109.5744444	400
862	274.0463339	400	109.2411111	400
863	273.8536206	400	109.2411111	400
864	274.0132426	400	109.3911111	400
865	274.1279655	400	109.5233333	400
866	274.1052897	400	109.5233333	400
867	274.2012181	400	109.3566667	400
868	274.2760856	400	109.4233333	400
869	274.086671	400	109.3622222	400
870	273.9823995	400	109.3622222	400
871	274.2200415	400	109.5622222	400
872	274.3226845	400	109.4622222	400
873	274.212129	400	109.29	400
874	274.0897781	400	109.2066667	400
875	274.1094588	400	109.34	400
876	274.1614385	400	109.2122222	400
877	274.1683672	400	109.1288889	400
878	274.0658734	400	109.0455556	400
879	274.1653352	400	109.0455556	400
880	274.3235855	400	109.3622222	400
881	274.5067672	400	109.4538889	400
882	274.4778823	400	109.6038889	400
883	274.5056495	400	109.6038889	400
884	274.6515151	400	109.5238889	400
885	274.9301146	400	109.7961111	400
886	274.9601274	400	109.9627778	400
887	274.9923834	400	110.0461111	400
888	274.9189116	400	109.6961111	400
889	274.8967085	400	109.6961111	400
890	274.9807625	400	109.7127778	400
891	274.9475266	400	109.7127778	400
892	274.780535	400	109.9127778	400
893	274.7635921	400	109.8572222	400
894	274.9115448	400	109.9072222	400
895	274.849141	400	109.8405556	400
896	274.5734673	400	109.4905556	400
897	274.7624762	400	109.4905556	400
898	274.9783209	400	109.7072222	400
899	275.1803162	400	109.6794444	400
900	274.6369271	400	109.6794444	400
901	274.4825893	400	109.6794444	400
902	274.8015061	400	109.7505556	400
903	275.0836336	400	109.7505556	400
904	275.2246029	400	109.8505556	400
905	275.2708316	400	109.7338889	400
906	275.2466917	400	109.8338889	400
907	275.2482826	400	109.7338889	400
908	275.1797186	400	109.7338889	400
909	275.2919773	400	109.4561111	400
910	275.4009965	400	109.4561111	400
911	275.2834099	400	109.4561111	400
912	275.3453378	400	109.5838889	400
913	275.2860631	400	109.5338889	400
914	275.237542	400	109.6005556	400
915	274.880088	400	109.6005556	400
916	275.275768	400	109.7005556	400
917	274.7392417	400	109.7005556	400
918	274.6609363	400	109.7005556	400
919	274.9637366	400	109.7005556	400
920	274.8153181	400	109.4672222	400
921	275.2661044	400	109.6672222	400
922	275.1409304	400	109.6672222	400
923	275.1176845	400	109.6405556	400
924	275.1542108	400	109.6405556	400
925	275.2451993	400	109.5961111	400
926	275.2243803	400	109.5961111	400
927	275.1744011	400	109.5711111	400
928	275.0231375	400	109.5461111	400
929	274.7086396	400	109.5461111	400
930	274.7205104	400	109.6477778	400
931	274.6098128	400	109.6477778	400
932	274.6681141	400	109.6211111	400
933	274.5768722	400	109.4655556	400
934	274.5686359	400	109.4155556	400
935	274.6131693	400	109.5522222	400
936	274.7383432	400	109.5522222	400
937	274.7382254	400	109.4188889	400
938	274.7382254	400	109.4188889	400
939	275.0504732	400	109.6688889	400
940	274.925556	400	109.7188889	400
941	274.8708545	400	109.6188889	400
942	275.1561897	400	109.8911111	400
943	275.0441963	400	109.4022222	400
944	275.1952558	400	109.6522222	400
945	275.3386419	400	109.6772222	400
946	275.1939931	400	109.7494444	400
947	275.1968185	400	109.9494444	400
948	275.2270049	400	110.0355556	400
949	275.086186	400	110.1022222	400
950	275.1021763	400	110.1022222	400
951	275.3818516	400	110.0827778	400
952	275.4778718	400	109.955	400
953	275.5758474	400	109.955	400
954	275.4396095	400	109.8133333	400
955	275.5169412	400	109.505	400
956	275.3681238	400	109.4461111	400
957	275.1946121	400	109.3461111	400
958	275.2193316	400	109.5355556	400
959	275.1444005	400	109.2855556	400
960	275.0062413	400	109.3638889	400
961	275.0714188	400	109.5305556	400
962	275.3039243	400	109.9888889	400
963	275.3242268	400	110.0355556	400
964	275.1097423	400	109.9272222	400
965	275.3889873	400	109.955	400
966	275.0912963	400	109.755	400
967	275.2025363	400	109.8661111	400
968	275.1083081	400	109.8661111	400
969	274.8613948	400	109.9077778	400
970	274.9160027	400	109.9861111	400
971	274.8347758	400	109.8027778	400
972	274.834258	400	109.8305556	400
973	274.9520266	400	109.8305556	400
974	274.9621747	400	109.9972222	400
975	274.8338771	400	109.2194444	400
976	274.9036611	400	109.3472222	400
977	274.8817845	400	109.3194444	400
978	274.905493	400	109.4027778	400
979	274.6486035	400	109.4305556	400
980	275.0705587	400	109.5305556	400
981	275.1361613	400	109.5305556	400
982	275.3694775	400	109.5972222	400
983	275.4290556	400	109.7972222	400
984	275.2177091	400	109.5527778	400
985	275.1614194	400	109.4327778	400
986	275.2469927	400	109.4861111	400
987	275.6832307	400	109.9861111	400
988	275.6515462	400	109.9861111	400
989	275.4976194	400	109.8661111	400
990	275.6126261	400	109.8661111	400
991	275.5572008	400	109.7461111	400
992	275.538217	400	109.7461111	400
993	275.7838697	400	110.0361111	400
994	275.661746	400	109.7461111	400
995	275.5642494	400	109.3777778	400
996	275.4282615	400	109.0777778	400
997	275.5663728	400	109.0377778	400
998	275.5717956	400	109.0377778	400
999	275.5508609	400	109.2766667	400
1000	275.7692044	400	109.6766667	400
1001	275.8705189	400	109.8766667	400
1002	275.7474287	400	109.6766667	400
1003	275.9204563	400	109.6766667	400
1004	275.9268104	400	109.7266667	400
1005	276.0489655	400	110.0966667	400
1006	275.7821602	400	110.1466667	400
1007	275.9667395	400	110.1866667	400
1008	276.017056	400	109.8977778	400
1009	276.0620729	400	109.9061111	400
1010	276.2027117	400	109.7394444	400
1011	276.3071074	400	109.7061111	400
1012	276.1255656	400	109.7061111	400
1013	276.3415862	400	109.4894444	400
1014	275.279529	400	109.3227778	400
1015	275.4495742	400	109.2827778	400
1016	275.3357828	400	109.2827778	400
1017	275.2877015	400	109.3661111	400
1018	275.2633257	400	109.5061111	400
1019	275.489485	400	110.4061111	400
1020	275.1707067	400	109.8172222	400
1021	275.3699762	400	109.9172222	400
1022	275.6176562	400	109.9005556	400
1023	275.398582	400	109.8005556	400
1024	275.2786291	400	109.9338889	400
1025	274.9459688	400	109.2338889	400
1026	274.871267	400	109.5838889	400
1027	274.9878133	400	109.7838889	400
1028	275.1511966	400	109.4561111	400
1029	275.4339177	400	109.6061111	400
1030	275.2202083	400	109.6461111	400
1031	275.1262673	400	109.6127778	400
1032	275.3001066	400	110.1794444	400
1033	275.0690298	400	110.1794444	400
1034	274.9711446	400	110.1127778	400
1035	275.1449123	400	110.2627778	400
1036	274.9856284	400	110.1427778	400
1037	274.8380683	400	109.6427778	400
1038	274.8365331	400	109.5094444	400
1039	274.851498	400	109.5094444	400
1040	274.7947101	400	109.5427778	400
1041	274.9376875	400	109.6477778	400
1042	274.9910516	400	109.6644444	400
1043	275.1355021	400	109.6644444	400
1044	275.2233812	400	109.6811111	400
1045	275.1199826	400	109.6144444	400
1046	275.1268276	400	109.7677778	400
1047	275.3217465	400	109.7844444	400
1048	275.3694166	400	109.9877778	400
1049	275.4928571	400	109.9877778	400
1050	275.5482301	400	109.9877778	400
1051	275.658909	400	109.7877778	400
1052	275.5081524	400	109.6211111	400
1053	275.6188848	400	109.4877778	400
1054	275.8172712	400	109.6077778	400
1055	275.8016867	400	109.6577778	400
1056	275.7574395	400	109.6277778	400
1057	275.8819144	400	109.5777778	400
1058	275.8650053	400	109.5044444	400
1059	276.04354	400	109.5977778	400
1060	275.9571986	400	109.5977778	400
1061	275.798647	400	109.5977778	400
1062	275.852139	400	109.5811111	400
1063	275.8977126	400	109.6144444	400
1064	275.7343169	400	109.4277778	400
1065	275.6843253	400	109.3977778	400
1066	275.8168002	400	109.5144444	400
1067	275.8513297	400	109.5144444	400
1068	275.9485345	400	109.9777778	400
1069	275.9603591	400	109.8611111	400
1070	275.9734093	400	109.5511111	400
1071	276.0920195	400	109.6677778	400
1072	275.9267446	400	109.6644444	400
1073	275.9902456	400	109.8211111	400
1074	275.9272223	400	109.7544444	400
1075	275.8997106	400	109.7011111	400
1076	276.0393786	400	109.9211111	400
1077	276.0754654	400	109.9211111	400
1078	276.1185353	400	109.9211111	400
1079	276.0529767	400	109.9044444	400
1080	275.899889	400	109.7011111	400
1081	275.8443054	400	109.8344444	400
1082	275.5879264	400	109.8344444	400
1083	275.5879264	400	109.8344444	400
1084	275.8104759	400	109.8677778	400
1085	276.0840324	400	109.7844444	400
1086	276.0666397	400	109.7011111	400
1087	276.0433094	400	109.7594444	400
1088	276.2130453	400	109.7111111	400
1089	275.878914	400	109.7127778	400
1090	275.9779774	400	109.6877778	400
1091	275.9510081	400	109.7177778	400
1092	275.8846343	400	109.4977778	400
1093	275.6688442	400	109.4144444	400
1094	275.6748941	400	109.4727778	400
1095	275.6543915	400	109.2894444	400
1096	275.8330311	400	109.3227778	400
1097	275.8226999	400	109.2827778	400
1098	276.0223401	400	109.3694444	400
1099	276.0055128	400	109.2638889	400
1100	276.300763	400	109.3072222	400
1101	276.1576687	400	109.3405556	400
1102	276.1387407	400	109.3261111	400
1103	276.1150084	400	109.1138889	400
1104	276.132897	400	109.1638889	400
1105	276.0309411	400	109.1938889	400
1106	276.0043356	400	109.0522222	400
1107	276.1061834	400	108.9522222	400
1108	276.1646565	400	109.0855556	400
1109	276.0812828	400	109.1855556	400
1110	276.1956506	400	109.2572222	400
1111	276.2909985	400	109.4905556	400
1112	276.2817896	400	109.4488889	400
1113	276.402862	400	109.3822222	400
1114	276.4000887	400	109.3822222	400
1115	276.4335844	400	109.3988889	400
1116	276.5772178	400	109.3988889	400
1117	276.5120222	400	109.8488889	400
1118	276.4236633	400	109.9655556	400
1119	276.4091144	400	109.4655556	400
1120	276.2963985	400	109.1155556	400
1121	276.1923059	400	108.9655556	400
1122	276.1828063	400	108.96	400
1123	276.1800982	400	108.93	400
1124	276.1319094	400	108.93	400
1125	275.8750869	400	108.93	400
1126	275.822291	400	108.93	400
1127	275.7955607	400	108.88	400
1128	275.8724223	400	108.9766667	400
1129	275.9210333	400	109.0966667	400
1130	275.8405307	400	108.8466667	400
1131	276.2764113	400	109.4916667	400
1132	276.1180403	400	109.55	400
1133	276.0125171	400	109.47	400
1134	276.0319812	400	109.47	400
1135	275.9838415	400	109.475	400
1136	276.0051602	400	109.675	400
1137	276.0469181	400	109.175	400
1138	275.8761643	400	109.0383333	400
1139	275.9389055	400	109.0683333	400
1140	276.1568349	400	108.865	400
1141	276.1465778	400	108.9483333	400
1142	276.1225048	400	109.0683333	400
1143	276.1630955	400	109.235	400
1144	276.3604289	400	109.335	400
1145	276.2758551	400	109.835	400
1146	276.1587915	400	109.7766667	400
1147	276.1238291	400	109.2266667	400
1148	276.0535616	400	109.26	400
1149	276.0627705	400	109.3016667	400
1150	276.0307458	400	109.2183333	400
1151	276.0694591	400	109.2683333	400
1152	276.070531	400	109.2266667	400
1153	276.2103862	400	109.2683333	400
1154	276.3393561	400	109.2783333	400
1155	276.418776	400	109.2622222	400
1156	276.4813939	400	109.3538889	400
1157	276.4006365	400	109.4372222	400
1158	276.3213692	400	109.2372222	400
1159	276.2107215	400	108.9905556	400
1160	276.2130497	400	108.9538889	400
1161	276.2116204	400	109.0094444	400
1162	276.1894427	400	108.9838889	400
1163	276.1147273	400	108.9838889	400
1164	276.0362772	400	109.0338889	400
1165	275.8925159	400	109.0338889	400
1166	275.8950265	400	109.1172222	400
1167	275.854122	400	109.0338889	400
1168	275.898375	400	109.0338889	400
1169	275.9211072	400	109.0572222	400
1170	275.910427	400	109.0872222	400
1171	275.77408	400	108.8372222	400
1172	275.6800278	400	108.6672222	400
1173	275.733969	400	108.5338889	400
1174	275.6971472	400	108.4138889	400
1175	275.8380023	400	108.4138889	400
1176	275.8316866	400	108.3805556	400
1177	275.7786659	400	108.3472222	400
1178	275.6565723	400	108.3472222	400
1179	275.7180132	400	108.3472222	400
1180	275.6979146	400	108.3472222	400
1181	275.6835816	400	108.3472222	400
1182	275.7792183	400	108.7638889	400
1183	275.8555696	400	108.9638889	400
1184	275.9160724	400	108.6638889	400
1185	275.7170663	400	108.3572222	400
1186	275.8756681	400	108.4272222	400
1187	275.7830098	400	108.2688889	400
1188	275.2970346	400	108.2688889	400
1189	275.7269464	400	108.3066667	400
1190	275.8497259	400	108.39	400
1191	275.9172901	400	108.5705556	400
1192	275.8494128	400	109.0538889	400
1193	275.9225607	400	109.0538889	400
1194	275.8255912	400	109.0538889	400
1195	275.9472239	400	109.1405556	400
1196	276.0119175	400	109.2644444	400
1197	275.8563367	400	109.0644444	400
1198	276.0787683	400	108.9622222	400
1199	276.0990439	400	109.0622222	400
1200	276.1388252	400	109.0622222	400
1201	276.1019217	400	109.0566667	400
1202	276.045831	400	109.0566667	400
1203	276.1918994	400	109.0566667	400
1204	276.4418026	400	109.19	400
1205	276.3933417	400	109.2355556	400
1206	276.2587581	400	109.2911111	400
1207	276.2512192	400	109.3311111	400
1208	276.3260891	400	109.4111111	400
1209	276.3893946	400	109.5777778	400
1210	276.4065522	400	109.5777778	400
1211	276.3915219	400	109.4111111	400
1212	276.5414675	400	109.4111111	400
1213	276.6457829	400	109.6944444	400
1214	276.8000351	400	109.8911111	400
1215	276.8054294	400	109.6844444	400
1216	276.8135617	400	109.6844444	400
1217	276.700461	400	109.8511111	400
1218	276.9705543	400	109.9011111	400
1219	276.943842	400	109.865	400
1220	276.8501503	400	109.7427778	400
1221	276.9625309	400	109.7294444	400
1222	276.8584288	400	109.8194444	400
1223	276.8584288	400	109.8194444	400
1224	276.8045659	400	109.8327778	400
1225	276.8635939	400	109.7927778	400
1226	276.8085236	400	109.7927778	400
1227	276.8040724	400	109.7927778	400
1228	276.764612	400	109.7905556	400
1229	276.7455497	400	109.7905556	400
1230	276.6802815	400	109.7905556	400
1231	276.7424787	400	109.8572222	400
1232	276.3838784	400	109.7447222	400
1233	276.3262842	400	109.6197222	400
1234	276.3710902	400	109.6697222	400
1235	276.3600554	400	109.6780556	400
1236	276.2265636	400	109.5863889	400
1237	276.531287	400	109.5586111	400
1238	276.7036299	400	109.8097222	400
1239	276.7410112	400	109.8097222	400
1240	276.6867395	400	109.6763889	400
1241	276.6957559	400	109.8097222	400
1242	276.8924509	400	109.7597222	400
1243	276.8039041	400	109.5863889	400
1244	276.6098729	400	109.6188889	400
1245	276.8716614	400	109.8077778	400
1246	276.670465	400	109.7377778	400
1247	276.6705772	400	109.7677778	400
1248	276.5950868	400	109.6752778	400
1249	276.3727169	400	109.6752778	400
1250	276.465265	400	109.7252778	400
1251	276.5740159	400	109.8869444	400
1252	276.7100292	400	109.8869444	400
1253	276.5624723	400	109.8869444	400
1254	276.3622017	400	109.7938889	400
1255	276.3905374	400	109.7938889	400
1256	276.5682997	400	109.7938889	400
1257	276.4191574	400	109.7638889	400
1258	276.4240893	400	109.7638889	400
1259	276.4083971	400	109.8194444	400
1260	276.3949722	400	109.7661111	400
1261	276.4347264	400	109.8077778	400
1262	276.467496	400	109.8244444	400
1263	276.4343617	400	109.7619444	400
1264	276.4121586	400	109.7619444	400
1265	276.2023508	400	109.5952778	400
1266	276.213208	400	109.5652778	400
1267	276.0631654	400	109.5252778	400
1268	276.0873515	400	109.5252778	400
1269	276.0333394	400	109.5252778	400
1270	275.8886494	400	109.5086111	400
1271	276.0122207	400	109.3086111	400
1272	276.0229305	400	109.2669444	400
1273	276.1092835	400	109.4369444	400
1274	276.1466349	400	109.4369444	400
1275	276.2177034	400	109.4869444	400
1276	276.2932148	400	109.7169444	400
1277	276.1911196	400	109.7952778	400
1278	276.1617969	400	109.5786111	400
1279	276.1895887	400	109.6341667	400
1280	276.1839683	400	109.6841667	400
1281	276.1045427	400	109.6841667	400
1282	276.2273044	400	109.7725	400
1283	276.3965296	400	109.7725	400
1284	276.5523631	400	109.8058333	400
1285	276.6179657	400	109.8058333	400
1286	276.4848076	400	109.7425	400
1287	276.4733611	400	109.7369444	400
1288	276.0011748	400	109.7358333	400
1289	275.924191	400	109.5847222	400
1290	275.8997793	400	109.6930556	400
1291	276.1837617	400	109.6630556	400
1292	276.2146387	400	109.4613889	400
1293	276.1320529	400	109.4113889	400
1294	275.973231	400	109.5013889	400
1295	276.1679014	400	109.5013889	400
1296	276.0118221	400	109.4680556	400
1297	276.0010194	400	109.3780556	400
1298	275.975212	400	109.3780556	400
1299	275.919568	400	109.3780556	400
1300	276.1007905	400	109.6280556	400
1301	275.9921898	400	109.5780556	400
1302	275.9645625	400	109.5780556	400
1303	276.0135165	400	109.5863889	400
1304	275.9881299	400	109.5863889	400
1305	275.9999776	400	109.6363889	400
1306	276.123778	400	109.7419444	400
1307	276.2180865	400	109.6919444	400
1308	276.2288384	400	109.7319444	400
1309	276.2810941	400	109.9486111	400
1310	276.3147017	400	109.9486111	400
1311	276.3046059	400	109.9486111	400
1312	276.3634256	400	109.8986111	400
1313	276.2299148	400	109.6519444	400
1314	276.2214153	400	109.6519444	400
1315	276.2648261	400	109.7269444	400
1316	276.4189198	400	109.6852778	400
1317	276.4544032	400	109.6852778	400
1318	276.3172778	400	109.8519444	400
1319	276.2728716	400	109.8519444	400
1320	276.342416	400	109.8519444	400
1321	276.18179	400	109.8519444	400
1322	276.1604643	400	109.8519444	400
1323	276.1867985	400	109.7547222	400
1324	276.1661672	400	109.7547222	400
1325	276.178021	400	109.7547222	400
1326	276.3733495	400	109.9213889	400
1327	276.2755596	400	109.9213889	400
1328	276.2943761	400	110.1213889	400
1329	276.3365128	400	110.1486111	400
1330	276.3988902	400	110.0986111	400
1331	276.441746	400	110.1711111	400
1332	276.3884395	400	110.1711111	400
1333	276.369252	400	110.1711111	400
1334	276.4199051	400	110.2911111	400
1335	276.1918552	400	110.2411111	400
1336	276.1196357	400	110.2411111	400
1337	275.9767911	400	109.9411111	400
1338	275.9295174	400	109.9411111	400
1339	276.0012322	400	110.0211111	400
1340	275.9975891	400	109.8211111	400
1341	275.9936608	400	109.8211111	400
1342	276.1989195	400	109.8155556	400
1343	276.2403175	400	109.9822222	400
1344	276.337719	400	110.0577778	400
1345	276.2664644	400	110.0022222	400
1346	276.2682813	400	109.9522222	400
1347	276.3217422	400	109.9855556	400
1348	276.3594492	400	109.9155556	400
1349	276.3994999	400	110.2211111	400
1350	276.3082645	400	110.0961111	400
1351	276.2695757	400	110.0461111	400
1352	276.3113719	400	110.0961111	400
1353	276.2663491	400	110.0961111	400
1354	276.3293839	400	109.9794444	400
1355	276.3849307	400	109.9794444	400
1356	276.3611687	400	109.9794444	400
1357	276.3323779	400	109.9238889	400
1358	276.1970537	400	109.7794444	400
1359	276.1359275	400	109.7794444	400
1360	276.1106149	400	109.7794444	400
1361	276.1893267	400	109.9794444	400
1362	276.0093288	400	109.7494444	400
1363	276.117982	400	109.7494444	400
1364	276.2327132	400	110.0294444	400
1365	276.2214786	400	109.9294444	400
1366	276.2063525	400	109.9294444	400
1367	276.1963011	400	109.9294444	400
1368	276.1923832	400	109.7336111	400
1369	276.5419761	400	109.7836111	400
1370	276.1166535	400	109.5669444	400
1371	275.9526883	400	109.6669444	400
1372	276.1822881	400	109.6669444	400
1373	276.2305414	400	109.8336111	400
1374	275.9616307	400	109.7627778	400
1375	275.8171884	400	109.6461111	400
1376	275.8298198	400	109.6794444	400
1377	275.7493128	400	109.5127778	400
1378	275.8527474	400	109.7794444	400
1379	276.0698863	400	109.8494444	400
1380	276.1282953	400	109.8452778	400
1381	276.1509295	400	109.8786111	400
1382	276.1262389	400	109.7536111	400
1383	276.1112751	400	109.7536111	400
1384	276.3330959	400	109.8202778	400
1385	276.3272658	400	109.8202778	400
1386	276.2116755	400	109.5702778	400
1387	276.1798111	400	109.3619444	400
1388	276.0979351	400	109.2536111	400
1389	276.1359485	400	109.2202778	400
1390	276.3406073	400	109.4202778	400
1391	276.3544101	400	109.6286111	400
1392	276.1875657	400	109.4286111	400
1393	276.1287571	400	109.5386111	400
1394	276.0325997	400	109.4619444	400
1395	276.2247876	400	109.6244444	400
1396	276.225021	400	109.7494444	400
1397	276.2153556	400	109.9494444	400
1398	276.2915247	400	110.1094444	400
1399	276.2514919	400	110.0677778	400
1400	276.5124732	400	110.2011111	400
1401	276.4708567	400	109.9744444	400
1402	276.5285209	400	109.9744444	400
1403	276.4414117	400	109.8944444	400
1404	276.4574919	400	109.8944444	400
1405	276.4916571	400	109.9744444	400
1406	276.4290701	400	109.9744444	400
1407	276.5321113	400	110.0961111	400
1408	276.3283664	400	110.0961111	400
1409	276.2669008	400	110.0961111	400
1410	276.2624206	400	110.2361111	400
1411	276.2566547	400	109.9844444	400
1412	276.2052652	400	109.9844444	400
1413	276.2052652	400	109.9844444	400
1414	275.8722168	400	109.7427778	400
1415	276.2524258	400	109.7372222	400
1416	276.1459466	400	109.6788889	400
1417	276.235229	400	109.8011111	400
1418	276.1150581	400	109.6030556	400
1419	276.2063494	400	109.7211111	400
1420	276.1572507	400	109.7211111	400
1421	276.153843	400	109.7211111	400
1422	276.1105647	400	109.7211111	400
1423	276.0912361	400	109.7211111	400
1424	276.2243353	400	109.7211111	400
1425	276.2243353	400	109.7211111	400
1426	276.3151709	400	109.7155556	400
1427	276.2049946	400	109.8822222	400
1428	276.3582608	400	110.0147222	400
1429	276.2724303	400	110.0452778	400
1430	276.1474271	400	109.9252778	400
1431	276.0940115	400	110.0072222	400
1432	276.1193057	400	109.9738889	400
1433	276.107933	400	110.1338889	400
1434	276.0300664	400	109.9338889	400
1435	276.0168514	400	109.7894444	400
1436	276.01458	400	109.9894444	400
1437	276.0276484	400	110.0727778	400
1438	275.9674074	400	109.9927778	400
1439	275.9510979	400	109.9372222	400
1440	275.9792162	400	109.9927778	400
1441	276.175919	400	110.1427778	400
1442	276.1126508	400	110.1427778	400
1443	276.1126508	400	110.1427778	400
1444	276.1035055	400	110.1372222	400
1445	276.2376176	400	110.1372222	400
1446	276.1667126	400	110.0538889	400
1447	276.1822378	400	110.0538889	400
1448	276.1148348	400	110.0288889	400
1449	276.0629672	400	109.9288889	400
1450	275.9257891	400	109.9288889	400
1451	276.0540614	400	109.9288889	400
1452	276.0911277	400	109.9288889	400
1453	276.1087221	400	109.9288889	400
1454	276.1690248	400	109.9844444	400
1455	276.1511985	400	109.4844444	400
1456	276.021071	400	109.4844444	400
1457	276.0933066	400	109.4011111	400
1458	276.0619802	400	109.4011111	400
1459	276.0552193	400	109.3094444	400
1460	276.1458965	400	109.2261111	400
1461	276.1138039	400	109.2816667	400
1462	276.2884034	400	109.2261111	400
1463	276.2954446	400	109.2261111	400
1464	276.1499113	400	109.1816667	400
1465	276.2557127	400	109.6261111	400
1466	276.2465038	400	109.5844444	400
1467	276.3071291	400	109.3244444	400
1468	276.3110728	400	109.3666667	400
1469	276.1553223	400	109.3666667	400
1470	276.1168803	400	109.4066667	400
1471	276.062147	400	109.4066667	400
1472	276.0441434	400	109.4066667	400
1473	275.9847224	400	109.2066667	400
1474	276.1223301	400	109.2066667	400
1475	275.9336069	400	108.9566667	400
1476	276.029449	400	108.795	400
1477	275.9037122	400	108.875	400
1478	276.1719859	400	109.1516667	400
1479	276.1027889	400	109.115	400
1480	275.9924251	400	109.2016667	400
1481	276.0671353	400	109.1516667	400
1482	275.8737006	400	109.2216667	400
1483	275.9503488	400	109.2516667	400
1484	275.9429758	400	109.2016667	400
1485	275.9829987	400	109.5016667	400
1486	275.9832173	400	109.3483333	400
1487	275.9139703	400	109.3483333	400
1488	276.0268593	400	109.2983333	400
1489	275.93217	400	109.2683333	400
1490	275.8584973	400	109.2516667	400
1491	276.043437	400	109.2516667	400
1492	276.101845	400	109.2516667	400
1493	275.9843227	400	109.2516667	400
1494	275.9574523	400	109.2516667	400
1495	276.0145121	400	109.3433333	400
1496	276.0382331	400	109.3433333	400
1497	276.0382331	400	109.3433333	400
1498	276.1897747	400	109.3266667	400
1499	276.1621696	400	109.3266667	400
1500	276.0839096	400	109.3266667	400
1501	276.0919096	400	109.3266667	400
1502	276.1038838	400	109.41	400
1503	275.9707343	400	109.3266667	400
1504	276.0709228	400	109.3266667	400
1505	276.0451947	400	109.3566667	400
1506	276.0838134	400	109.3733333	400
1507	275.9896508	400	109.2066667	400
1508	276.0084399	400	109.31	400
1509	276.0967871	400	109.43	400
1510	276.0733521	400	109.41	400
1511	276.2541277	400	109.43	400
1512	276.0683274	400	109.3633333	400
1513	276.1056702	400	109.3633333	400
1514	276.1570598	400	109.3633333	400
1515	275.9519283	400	109.3433333	400
1516	275.9861526	400	109.4266667	400
1517	275.9393142	400	109.4266667	400
1518	276.1669873	400	109.4266667	400
1519	276.1933157	400	109.6266667	400
1520	276.0577935	400	109.6266667	400
1521	276.1548322	400	109.6266667	400
1522	276.0061642	400	109.61	400
1523	276.0115904	400	109.49	400
1524	275.861804	400	109.3233333	400
1525	276.0577138	400	109.4433333	400
1526	275.9975864	400	109.4266667	400
1527	275.9698364	400	109.3433333	400
1528	275.8995835	400	109.4266667	400
1529	275.7799714	400	109.4266667	400
1530	275.729738	400	109.3433333	400
1531	276.0293878	400	109.7933333	400
1532	276.0271785	400	109.8558333	400
1533	275.9296742	400	109.8558333	400
1534	275.8466047	400	109.8558333	400
1535	275.8889779	400	109.8558333	400
1536	275.6783291	400	109.8558333	400
1537	275.644173	400	110.0391667	400
1538	275.6752157	400	109.9766667	400
1539	275.5725278	400	109.36	400
1540	275.4371231	400	109.4266667	400
1541	275.4685351	400	109.4266667	400
1542	275.2821464	400	109.535	400
1543	275.3313316	400	109.4377778	400
1544	275.4768154	400	109.5544444	400
1545	275.4483053	400	109.4877778	400
1546	275.4915847	400	109.7377778	400
1547	275.428454	400	109.7377778	400
1548	275.5069167	400	109.7377778	400
1549	275.5071431	400	109.7377778	400
1550	275.5870176	400	109.7822222	400
1551	275.668475	400	109.8377778	400
1552	275.8484948	400	110.4022222	400
1553	275.7690774	400	110.4022222	400
1554	275.589294	400	110.2822222	400
1555	275.5140801	400	110.2822222	400
1556	275.4327493	400	109.8866667	400
1557	275.4959249	400	109.8755556	400
1558	275.3215984	400	109.7255556	400
1559	275.4578106	400	109.5738889	400
1560	275.4622618	400	109.5738889	400
1561	275.4404205	400	109.5238889	400
1562	275.5524467	400	109.5238889	400
1563	275.7419032	400	109.5238889	400
1564	275.7162383	400	109.5655556	400
1565	275.8101756	400	109.5566667	400
1566	275.7213401	400	109.6322222	400
1567	275.4665018	400	109.5155556	400
1568	275.837069	400	109.8022222	400
1569	275.818524	400	109.3336111	400
1570	275.6734123	400	109.2752778	400
1571	275.7115934	400	109.5202778	400
1572	275.8601137	400	109.9036111	400
1573	276.0310922	400	110.2152778	400
1574	275.9939853	400	110.2152778	400
1575	276.0735878	400	110.2152778	400
1576	276.0251592	400	110.1652778	400
1577	275.8382034	400	109.9152778	400
1578	275.9224261	400	109.9152778	400
1579	275.9864242	400	109.9430556	400
1580	275.8615347	400	109.9430556	400
1581	275.8425556	400	109.9430556	400
1582	275.9837892	400	109.9430556	400
1583	275.7986475	400	109.9430556	400
1584	275.9448557	400	110.1430556	400
1585	275.8566388	400	109.8230556	400
1586	275.8502167	400	109.6897222	400
1587	276.1049951	400	109.6897222	400
1588	276.1049951	400	109.6897222	400
1589	276.0504151	400	109.5697222	400
1590	276.2358116	400	109.6897222	400
1591	276.2537818	400	109.8563889	400
1592	276.2070318	400	110.0230556	400
1593	275.9184777	400	109.7530556	400
1594	275.8677814	400	109.5530556	400
1595	275.7830847	400	109.6863889	400
1596	275.7963334	400	109.8030556	400
1597	276.0199568	400	109.7947222	400
1598	275.9859623	400	109.7236111	400
1599	275.9262157	400	109.6819444	400
1600	275.9262157	400	109.6819444	400
1601	275.9888027	400	109.6819444	400
1602	275.8455645	400	109.6819444	400
1603	275.8249603	400	109.8069444	400
1604	275.7726974	400	109.8069444	400
1605	275.7520848	400	109.7652778	400
1606	275.7952462	400	109.8152778	400
1607	275.9180041	400	109.7319444	400
1608	275.923393	400	109.7736111	400
1609	276.1016898	400	109.7936111	400
1610	276.1010509	400	109.7436111	400
1611	276.150596	400	109.7436111	400
1612	276.0015198	400	109.7325	400
1613	276.0605583	400	109.6908333	400
1614	276.1698905	400	109.7691667	400
1615	276.1817036	400	109.7691667	400
1616	276.220037	400	109.6636111	400
1617	276.0467122	400	109.6636111	400
1618	276.1174536	400	109.6636111	400
1619	275.6577864	400	109.4602778	400
1620	275.6766383	400	109.4602778	400
1621	275.7347948	400	109.4602778	400
1622	275.8273791	400	109.4602778	400
1623	275.8936791	400	109.4602778	400
1624	275.7999002	400	109.3402778	400
1625	275.9320938	400	109.3958333	400
1626	275.9081029	400	109.3958333	400
1627	275.8554655	400	109.4758333	400
1628	275.6653119	400	109.2708333	400
1629	275.6101293	400	109.1508333	400
1630	275.5615692	400	109.0952778	400
1631	275.5763178	400	109.2144444	400
1632	275.5646212	400	109.2727778	400
1633	275.8193087	400	109.5588889	400
1634	275.7200841	400	109.3422222	400
1635	275.9504951	400	109.5802778	400
1636	275.8455997	400	109.5802778	400
1637	275.6710599	400	109.5302778	400
1638	275.7251103	400	109.5302778	400
1639	275.7599675	400	109.5947222	400
1640	275.6487228	400	109.6072222	400
1641	275.8260239	400	109.6072222	400
1642	275.784054	400	109.5947222	400
1643	275.7366944	400	109.6747222	400
1644	275.8243986	400	110.0288889	400
1645	275.7871272	400	109.7788889	400
1646	275.9501375	400	110.2955556	400
1647	276.2017472	400	110.5455556	400
1648	276.1586542	400	110.2955556	400
1649	275.9532184	400	110.3511111	400
1650	275.9852525	400	110.7211111	400
1651	275.5902727	400	110.1044444	400
1652	275.6058992	400	110.1461111	400
1653	275.8410454	400	110.0905556	400
1654	275.5911162	400	109.8905556	400
1655	275.6372075	400	109.8905556	400
1656	275.5480016	400	109.7238889	400
1657	275.604953	400	109.8905556	400
1658	275.6474785	400	110.0905556	400
1659	275.5017633	400	109.7205556	400
1660	275.5002559	400	109.7316667	400
1661	275.4491981	400	109.565	400
1662	275.5253395	400	109.615	400
1663	275.6154604	400	109.8516667	400
1664	275.5504062	400	109.845	400
1665	275.5604575	400	109.845	400
1666	275.7376461	400	109.895	400
1667	275.8142053	400	109.895	400
1668	275.738908	400	110.0616667	400
1669	275.9013504	400	109.995	400
1670	275.7112717	400	109.995	400
1671	275.9344171	400	110.045	400
1672	275.9740633	400	110.095	400
1673	275.9017478	400	110.095	400
1674	275.8482825	400	110.095	400
1675	276.1291556	400	110.095	400
1676	275.9979506	400	110.095	400
1677	275.8690063	400	110.095	400
1678	275.8986677	400	110.045	400
1679	275.8109622	400	109.8991667	400
1680	275.8649559	400	109.8991667	400
